{"stats":{"minecraft:custom":{"minecraft:time_since_rest":296874,"minecraft:crouch_one_cm":12765,"minecraft:sprint_one_cm":22899,"minecraft:play_time":296874,"minecraft:walk_one_cm":1506093,"minecraft:sneak_time":7357,"minecraft:jump":1603,"minecraft:leave_game":11,"minecraft:time_since_death":296874,"minecraft:total_world_time":506239,"minecraft:fly_one_cm":1108119},"minecraft:picked_up":{"minecraft:repeater":4,"minecraft:oak_sign":4,"minecraft:torch":1,"minecraft:lever":7,"minecraft:birch_sign":4,"minecraft:redstone_torch":28,"minecraft:redstone":91},"minecraft:used":{"minecraft:redstone_torch":118,"minecraft:quartz_bricks":130,"minecraft:torch":10,"minecraft:lever":22,"minecraft:redstone_lamp":35,"minecraft:repeater":279,"minecraft:quartz_pillar":49,"minecraft:chiseled_sandstone":138,"minecraft:quartz_slab":12,"minecraft:iron_block":223,"minecraft:dark_oak_sign":1,"minecraft:redstone":3009,"minecraft:birch_sign":19,"minecraft:oak_sign":31,"minecraft:quartz_block":279,"minecraft:sandstone":394,"minecraft:smooth_quartz":2}},"DataVersion":3105}